Timestamp (ms),ch0_1Hz,ch0_2Hz,ch0_3Hz,ch0_4Hz,ch0_5Hz,ch0_6Hz,ch0_7Hz,ch0_8Hz,ch0_9Hz,ch0_10Hz,ch0_11Hz,ch0_12Hz,ch0_13Hz,ch0_14Hz,ch0_15Hz,ch0_16Hz,ch0_17Hz,ch0_18Hz,ch0_19Hz,ch0_20Hz,ch0_21Hz,ch0_22Hz,ch0_23Hz,ch0_24Hz,ch0_25Hz,ch0_26Hz,ch0_27Hz,ch0_28Hz,ch0_29Hz,ch0_30Hz,ch1_1Hz,ch1_2Hz,ch1_3Hz,ch1_4Hz,ch1_5Hz,ch1_6Hz,ch1_7Hz,ch1_8Hz,ch1_9Hz,ch1_10Hz,ch1_11Hz,ch1_12Hz,ch1_13Hz,ch1_14Hz,ch1_15Hz,ch1_16Hz,ch1_17Hz,ch1_18Hz,ch1_19Hz,ch1_20Hz,ch1_21Hz,ch1_22Hz,ch1_23Hz,ch1_24Hz,ch1_25Hz,ch1_26Hz,ch1_27Hz,ch1_28Hz,ch1_29Hz,ch1_30Hz,ch2_1Hz,ch2_2Hz,ch2_3Hz,ch2_4Hz,ch2_5Hz,ch2_6Hz,ch2_7Hz,ch2_8Hz,ch2_9Hz,ch2_10Hz,ch2_11Hz,ch2_12Hz,ch2_13Hz,ch2_14Hz,ch2_15Hz,ch2_16Hz,ch2_17Hz,ch2_18Hz,ch2_19Hz,ch2_20Hz,ch2_21Hz,ch2_22Hz,ch2_23Hz,ch2_24Hz,ch2_25Hz,ch2_26Hz,ch2_27Hz,ch2_28Hz,ch2_29Hz,ch2_30Hz,ch3_1Hz,ch3_2Hz,ch3_3Hz,ch3_4Hz,ch3_5Hz,ch3_6Hz,ch3_7Hz,ch3_8Hz,ch3_9Hz,ch3_10Hz,ch3_11Hz,ch3_12Hz,ch3_13Hz,ch3_14Hz,ch3_15Hz,ch3_16Hz,ch3_17Hz,ch3_18Hz,ch3_19Hz,ch3_20Hz,ch3_21Hz,ch3_22Hz,ch3_23Hz,ch3_24Hz,ch3_25Hz,ch3_26Hz,ch3_27Hz,ch3_28Hz,ch3_29Hz,ch3_30Hz,chAux_1Hz,chAux_2Hz,chAux_3Hz,chAux_4Hz,chAux_5Hz,chAux_6Hz,chAux_7Hz,chAux_8Hz,chAux_9Hz,chAux_10Hz,chAux_11Hz,chAux_12Hz,chAux_13Hz,chAux_14Hz,chAux_15Hz,chAux_16Hz,chAux_17Hz,chAux_18Hz,chAux_19Hz,chAux_20Hz,chAux_21Hz,chAux_22Hz,chAux_23Hz,chAux_24Hz,chAux_25Hz,chAux_26Hz,chAux_27Hz,chAux_28Hz,chAux_29Hz,chAux_30Hz,f_1Hz,f_2Hz,f_3Hz,f_4Hz,f_5Hz,f_6Hz,f_7Hz,f_8Hz,f_9Hz,f_10Hz,f_11Hz,f_12Hz,f_13Hz,f_14Hz,f_15Hz,f_16Hz,f_17Hz,f_18Hz,f_19Hz,f_20Hz,f_21Hz,f_22Hz,f_23Hz,f_24Hz,f_25Hz,f_26Hz,f_27Hz,f_28Hz,f_29Hz,f_30Hz,info
1697314310701,17.493784262669262,71.1227757408858,109.8078773363115,88.31914571490447,54.96347208187686,49.14733015395075,23.75101960144041,41.46217342200725,25.882447634983006,2.851694918444794,15.228915754608446,10.272006922506323,6.654762421799178,43.933803889963116,38.83266522037455,21.64053764802492,33.816826983234655,39.46424176828645,32.63943535106328,22.09460608137948,29.077919950005526,33.867582420109,18.558171022489468,16.310970702023134,20.244569447800558,12.405940214013864,5.551313481203575,4.834306770760265,6.891486879383103,8.813574378050516,16.764313481683104,47.46814545270136,67.01387087503447,22.89746602667637,22.48046681745256,9.005836713293304,17.781293128414276,23.673858586649988,11.3781385626624,5.681047157306475,1.9067157583877654,8.346032420689301,5.791726890562394,15.646142940975565,29.804084102232206,10.221247418718388,15.574110382265129,17.681724536900784,12.659942223022515,17.73687452039444,9.396075900954667,15.936734243539352,15.28782209899697,7.503146703116351,11.23726302653404,8.339397766613807,2.7783065290071827,2.3633740929358327,5.440894564072279,4.914162839438998,12.014788166147266,44.826189615546696,68.79821491457832,31.172926065174853,24.932333844074737,19.301578520097657,32.24115637464727,42.19301586051625,15.168314292745558,62.24841520952057,37.19992318450524,12.583141543362457,11.655360661304863,23.16374649541617,23.851714115542617,51.52971030413195,58.13256391714351,19.210061616731252,14.46175198935707,8.241403998674953,83.06315078083348,42.39352107883903,17.955932854775668,16.5068512147362,2.9809947014535663,3.9545100216676605,5.631647018730699,3.8053418210450976,1.653289183510992,5.292696084521762,18.59899140269125,21.127943801892815,50.53634972246279,37.639987160826855,39.458354946439385,33.22930606321818,40.81627338042108,52.887327729549696,24.225933255196217,18.7930832724783,37.48977160285617,26.141245179596048,3.029344539464821,35.901873223931126,28.128976351702555,19.311986940489255,30.80841352914895,35.247154686480336,27.968734052941517,17.956039303896432,24.39921429950767,30.552122235228445,22.121228962694637,14.261647311818473,15.833909478915924,10.36966613780418,3.8759613827231143,2.045950544375334,5.5645525298938345,8.89847099716587,0,0,0,0,0,0,0,0,0,0,0,0,0,0,0,0,0,0,0,0,0,0,0,0,0,0,0,0,0,0,1,2,3,4,5,6,7,8,9,10,11,12,13,14,15,16,17,18,19,20,21,22,23,24,25,26,27,28,29,30,[object Object]
1697314311076,27.512891630707966,20.50927821863672,61.56090750141562,79.89472377997734,62.601841772757275,43.49162603616608,33.230256104632524,27.68548592330366,21.60194517981977,10.520713837043488,11.383209547532813,11.888570778630022,13.009311414254764,19.695943100900987,11.920172086167947,15.990255991438628,6.519596359946458,8.506810168537625,7.665238939714275,6.466472458512814,12.890959787516685,6.766592910262984,10.09383204386151,9.887126132518214,9.869849991897782,9.226233249985336,8.131763485319931,7.455500117758364,5.561973996753886,5.1192948002841225,14.62897561247383,41.48490962533125,57.924761492920545,8.499455913694987,20.739158692659526,25.339163305918255,2.862315016995334,20.828627662685925,2.350255076323218,10.527054204295178,4.677758142294563,9.603561029355474,8.92253436650623,13.469331418899793,8.32779489094091,11.46588067512392,1.6372703821295742,2.2607303853531255,5.92578726794975,5.988261058721809,8.4247786075653,9.363472193449734,1.2197462125123157,3.5821885866194654,6.742703257715726,3.2239240298242846,4.961517249316867,5.125020991381931,0.8398832922605899,3.5108655636554245,29.98652552689232,14.036321205401299,90.60530842284132,38.00603486835015,14.959326562865408,26.49326795864849,33.268054779082,25.901136987050318,33.414478102227044,22.28941051403256,10.792700758384001,40.341893818111856,11.935047833128616,29.217572446871333,13.407298949712667,30.959051425467134,64.73154734206783,0.8807042447337806,10.193336274436714,23.812198775207143,89.77019465556907,32.07104766345798,21.66919980603055,22.244490351589157,5.058177016033413,4.082992990483651,10.255256701094172,2.790416880504092,3.4135695411393505,4.132349763295954,13.059628720715875,14.5882935285887,42.0131816028461,45.81344670183386,40.03373609726963,42.76073857630933,34.59430970010612,26.342250141033755,26.077060553798084,17.917596336719928,26.416384859954174,14.761837578210327,17.25499705645124,15.38535206155809,9.370303107243105,9.616707119271155,8.551708413008308,6.343533528437991,6.9405966464758775,6.863956209158413,9.852738211785095,6.543129265729875,7.349660066625998,7.651996168128697,5.093203082872393,6.53462490586865,5.4577795278379195,4.792004992788239,4.875123752587075,4.016600845580754,0,0,0,0,0,0,0,0,0,0,0,0,0,0,0,0,0,0,0,0,0,0,0,0,0,0,0,0,0,0,1,2,3,4,5,6,7,8,9,10,11,12,13,14,15,16,17,18,19,20,21,22,23,24,25,26,27,28,29,30,[object Object]
1697314311450,15.90330768896439,31.073428672404393,61.025167110326336,131.67565356385288,69.98383035446727,12.227857646354362,49.59505960557365,43.562504697454415,15.725475059789643,17.962194990533142,23.425831857163868,18.768002035235984,13.51353864983504,7.4888515322928235,13.465963674205055,8.07365817631587,10.498752509843785,18.724123298914158,10.695832292559347,5.415437477523935,15.349715644118548,7.414497491430851,7.496047662533777,11.365914337679603,6.136401539560824,5.463748522311051,10.160626414597255,7.585927606888247,2.1121027710686286,5.604848695633214,18.495274617485993,18.61869382640567,56.91094751892711,48.12103419859695,27.830954208084037,3.295258279762535,18.62439447815676,16.29021310943741,6.714044605800035,15.991352418635772,6.753544472339163,7.253896433718798,8.237208848457383,2.7202416681825303,7.600445321537178,9.067821764741607,4.4716883623493855,7.384975144658514,7.815668096192069,4.789465208132676,10.431363634703535,3.5754856494012572,1.2917537255436533,7.35805288664798,4.867676330713999,2.585249113247026,4.842927548956119,4.132894002848102,2.374742886837227,2.6693234368023324,5.2779762369736565,55.39180400602048,70.09476190161702,49.68520875528675,17.84862234375384,12.041237156180946,11.646317979686025,12.74367022703443,4.265705739203002,8.076234750617498,11.93920887190238,37.03764500703122,29.733223409163323,26.31195234392979,24.21619127580629,18.154491146793095,70.45638476014857,10.84555661692265,24.239709898066863,32.835055385579565,73.80386195638091,49.32666926081745,15.714533687622758,23.24318300618505,2.651929867375553,6.630144154655819,4.981180377419272,3.883497118606519,7.350216077912913,2.4935132089606,9.732921774936345,16.85016017421175,38.52109062093097,81.87314030366119,52.23247068182793,10.232815025326,53.10445240639086,54.842815166640406,31.96392245859858,0.9678489456889798,36.620775270496296,34.725938351273506,18.862727755091598,5.588219208057824,17.568893551187887,17.458772081480667,3.4232701693741925,17.06207375958305,12.31906701922837,5.082159514949722,11.618873790332646,4.881026275376901,5.957691930107276,5.43409613220698,0.8253421877912046,5.052899441556994,5.889792317547773,4.658297756365822,0.6496654938208802,4.718849231045607,0,0,0,0,0,0,0,0,0,0,0,0,0,0,0,0,0,0,0,0,0,0,0,0,0,0,0,0,0,0,1,2,3,4,5,6,7,8,9,10,11,12,13,14,15,16,17,18,19,20,21,22,23,24,25,26,27,28,29,30,[object Object]
1697314311870,13.881686588309714,49.78342680858796,61.014860632055615,84.80007089966101,36.66715077150606,58.181509708653444,28.245884955184106,23.624164810329223,15.89154804733013,11.493651093661427,7.081448683178076,2.3008260629636945,5.47714001677174,3.0140125140697567,4.188414504586723,6.159983796541226,8.360114605996726,7.98693316651286,7.437402618057718,5.083752521491902,5.355693670423605,3.679947765551981,3.833232588956021,2.0737345228092785,4.6403271233505174,4.188906146014657,3.693740801918196,4.070678292120748,3.561033927927482,2.3896139546688,10.020566220509718,23.43977075261863,65.73115695057808,26.560529587683316,31.22202227098363,14.732511341537588,9.688557128136065,9.971008022499026,9.074262082723088,6.9199265412221695,8.295425898571382,5.062276104066942,6.556055429196807,5.1131275063040915,6.105241291027647,4.998601166454234,8.138724224241422,3.4115923926915457,4.233480616570876,4.169614958736164,8.226153055237358,3.6022429662423785,2.393677067196381,5.475307886673324,4.9534866852298585,4.271300858975439,3.055733035998338,4.1801708974517,3.2402742929831527,2.2575463335468933,29.622628556201583,50.62555749954152,48.441806077085,44.58142809999915,8.548162662131089,26.33907044831693,5.359047364744267,11.35280381640477,9.414428563197855,18.90160476592689,30.497657263740866,2.329267960985148,15.07312916409994,13.366532520783723,15.744765369367203,15.048126903461382,78.17913620417555,15.171367086152996,16.270904619085197,28.767199733019645,84.34036362464059,42.443452345876196,14.830510230276559,17.55888619991592,14.944601543375454,3.012053286701928,6.141482256187185,6.95441732046869,5.642392344030847,0.143285449439473,11.577332146244022,29.50436359660617,37.84991509138452,65.0624440818611,38.77646659300491,45.80899942092896,45.52142246664961,30.448342928551266,19.7890320191832,25.27604954090596,19.782849732666723,14.393869376471462,15.900998351624873,12.39628865661923,11.885500409543287,11.373104997756084,11.32228749084054,10.285987830794205,8.229379938860095,5.411275230841369,3.0009795564701327,1.828351501861147,3.6872794222346528,1.7766369991535007,3.8979946230825235,3.021047702944626,2.7301749870046925,3.7214899222244924,4.39245592528174,2.01847195812926,0,0,0,0,0,0,0,0,0,0,0,0,0,0,0,0,0,0,0,0,0,0,0,0,0,0,0,0,0,0,1,2,3,4,5,6,7,8,9,10,11,12,13,14,15,16,17,18,19,20,21,22,23,24,25,26,27,28,29,30,[object Object]
1697314312249,14.809969970459237,82.31161334366212,52.17319619333506,75.81832663829562,30.530545526998186,29.6186797480224,3.1524012474456558,21.831821149077747,9.990380702395216,14.798094909750915,22.550114418435335,19.145168799367603,16.189419150816512,18.91147629563295,14.733273025130547,11.319824185947141,17.34221594271504,14.453418783842706,19.96219794998082,18.604213664792454,13.257985545365777,20.030931623897583,15.46650698169278,14.071400283598102,14.258080903200318,11.733929878387576,9.91849241532079,10.589900059523204,7.596139307098365,8.301961986484432,7.294563557502387,28.865911774382713,65.30597765847382,18.3571790977098,19.619690274978808,14.955457076296858,7.058324211801538,11.736330904986968,14.943051461340364,15.26680679489142,9.948592204971096,13.68759201955416,12.916188652241797,12.628652768044178,7.96744586992173,5.636152871058481,2.7711000822311997,4.986394478129493,6.236527117973116,8.053733274369792,2.961357151225289,12.805501599161849,11.245328190966235,6.6546797015277255,8.361808277898682,7.594649023875026,6.1739505018480685,5.096202968877407,4.27076679085413,3.358460069385252,14.400986878710112,28.529348998602586,26.496702722608386,43.7267230823155,32.28107976985046,17.175613805862014,17.37761425988178,11.64194236336213,15.295676617364206,24.43915777081867,14.040791765736257,10.09732085769498,19.615063323550554,14.135172676773733,21.970639179888817,35.807487566484625,76.6727575536247,12.552338374159831,4.812242579482902,14.008553521944428,102.13240597399121,25.08133044860244,16.385697890363485,21.041310756547848,8.017552245005218,8.867298995932249,8.185538516839014,4.625611076311942,4.907708450997236,6.618525028474562,2.6123412899133656,39.58966313006202,55.38740768290346,51.22380435271,34.14981852550382,25.75080003238863,24.168117291167476,25.33614731999306,11.550658575082567,20.010015092970704,20.060308706398466,20.011973341296212,22.795770508779235,22.12618317272473,21.166839207124067,23.330497065150777,27.761023283651888,27.371843653224197,26.898377577634,25.881155741719677,21.721700886719926,26.05381176431132,19.142760765079412,19.41074227385077,13.513249007620688,11.454241748907661,8.942213489940276,6.687232235494127,3.8301751339363084,3.909572970686748,0,0,0,0,0,0,0,0,0,0,0,0,0,0,0,0,0,0,0,0,0,0,0,0,0,0,0,0,0,0,1,2,3,4,5,6,7,8,9,10,11,12,13,14,15,16,17,18,19,20,21,22,23,24,25,26,27,28,29,30,[object Object]
1697314312621,5.705341286066556,59.45777383790055,66.85944460078635,71.67100994252243,52.6308392211955,26.029259689749892,31.86961856085557,23.963145609391603,12.897475751851553,15.8491254715176,21.011095726444395,31.64062183833454,26.804628750911387,26.59061933140702,30.05186024329149,22.50591753288024,27.632422863252547,25.79544997945512,26.215199524628574,24.82177316723829,20.401217455081138,24.37360061789049,18.551399354058944,16.973483275539753,14.607238158415823,11.217852380252406,9.295005841049699,7.261885003947863,4.672126869043518,4.910102210250158,5.7194474684143,22.965560304742365,62.935108920447114,23.906419944664233,26.229747815272564,14.02802215961923,5.044009543923353,7.481318064649729,16.108574012763142,22.21921384212396,17.241486373390217,20.35585792687403,19.854933143815074,16.478780806713278,8.504510138855444,3.4653957161197444,8.472404436714,7.771671451286011,8.273057650926056,14.853621054664796,14.401313616009974,12.622564113479628,10.588982341532207,6.9509806460125985,6.148029053926476,5.143326225064697,2.878093809632457,2.9224858300608707,1.437276105556438,0.9627895164458398,20.647180391888433,33.89620053475861,5.773387663113803,56.4004489012234,45.07723254079665,15.409390443259964,13.957306933946132,26.520789206229676,3.7537698539381026,21.16043082358969,14.722105573391229,12.3459419751913,37.37267746821475,17.110660236226774,17.58197333121676,44.47769847220457,87.31162761992293,30.32760525173372,19.688666133370983,32.66094199501324,80.90761809885895,54.89516747142503,19.697823920215793,17.06109261905098,4.2659483675234195,11.160925875239446,6.051256746088122,6.835097131885857,6.54826443114477,8.68254036474103,16.45384042872299,58.76760531354231,28.857385010051086,53.84402360719639,25.608774232804848,14.80340109738242,17.766013462819767,6.281822302297376,8.23838040428758,13.842169118566767,12.405680733219876,15.715496838257506,17.97384376694965,18.442428152576003,20.7425858424366,23.92681068961494,30.1828229918417,30.287161553926325,29.573728696879147,31.849101826847466,27.53609200889086,26.527642205257102,19.7643412424324,20.296030320247148,13.184994908075025,11.257001517125754,7.630089218324319,5.5482658801546005,3.1237066139537104,3.609756496905103,0,0,0,0,0,0,0,0,0,0,0,0,0,0,0,0,0,0,0,0,0,0,0,0,0,0,0,0,0,0,1,2,3,4,5,6,7,8,9,10,11,12,13,14,15,16,17,18,19,20,21,22,23,24,25,26,27,28,29,30,[object Object]
1697314313040,12.542530209501523,50.25244197668284,65.88932905803557,64.52340308105245,54.01875286378076,61.68685800228882,26.90114129899335,38.56273985346689,20.854015570328944,39.73561038951865,43.82921427444964,16.38341697173612,55.50548401850976,40.1289965313652,10.623656836637675,40.60187621345332,25.683648690643825,21.1872037556767,31.054457195977328,24.9424617328341,20.230452472241797,28.100634404248616,9.475315245778102,25.396340783395797,23.261709035331776,2.389357550984984,17.307159806141748,9.793081838899468,2.2491429775598846,7.658492541976773,6.248550431620962,15.009111107241102,75.08920177780391,12.742118478169555,42.13768542619998,28.281035770127133,19.082277308560062,6.823356096392239,25.634404892139624,22.890575393265177,17.80597607422224,20.746223789623805,17.25335995452539,29.138136024393383,8.083729502567282,14.188327893509493,11.226881361063898,17.069084519549364,15.245384341733866,3.8888510885348855,25.81751474995307,11.943516116787723,5.219661576694571,8.628315935846663,13.44401050460979,4.4885351257861785,5.504158593745072,5.2551375083469605,2.3033644154219317,3.772957510053831,12.727116684352932,35.291768795084735,20.788797592860526,42.99188231686569,69.1267408908416,32.70174402245703,33.19394517841701,22.74142742942341,21.39874844456521,17.45772439310439,24.058281747272364,19.83372238555696,26.089680685255793,29.70716844302914,33.313642390955266,29.957681415877026,86.52980456771819,23.650977468016663,19.236189275107982,18.988112130560655,87.35604473192502,51.85309622527922,26.565413508465248,23.52522409124674,15.4836251954875,12.590146695227673,5.422535103039998,4.525505282386343,8.314239497794253,1.4254414103400004,8.636501524936978,65.63360836694187,14.720134545274222,12.091203820563956,36.26730527902592,44.57757312177415,33.63189687828519,35.59233516778453,21.588241730295685,47.955799166750545,46.73875033305345,31.03344769498736,55.8470429668372,32.96691469711561,25.338514433192856,48.33733813449208,27.96616491627571,22.033489645681676,37.28935576077153,34.23273218547396,25.665900990836267,24.380447868404516,19.357224356165947,23.202857957999107,16.59928968264775,4.776551576421548,14.431132642319417,7.447015652482557,3.197393011159629,7.8552057706096665,0,0,0,0,0,0,0,0,0,0,0,0,0,0,0,0,0,0,0,0,0,0,0,0,0,0,0,0,0,0,1,2,3,4,5,6,7,8,9,10,11,12,13,14,15,16,17,18,19,20,21,22,23,24,25,26,27,28,29,30,[object Object]
1697314313416,25.42943701012259,12.154745353685822,17.612872723422623,30.111941654031522,36.43235854861633,47.677571895736115,25.71472749125716,32.30161219439752,23.375090762812803,28.41819899760402,35.90196274137722,24.692618666747784,30.996942603268504,25.84585207439084,24.08781612958377,18.52191851821458,9.924385192555972,4.5708726309778225,7.944808951242891,6.04334261974593,4.508375613326719,9.15893923654625,10.51524942613174,11.647116245153594,11.451360636791643,11.261630778826474,10.627252157244437,7.843790145518409,4.347166393956691,5.107747002310547,15.08432030174798,4.606152963085666,61.994536607322374,19.972097953592936,27.8089895879973,31.398078693801775,21.656324306756076,17.338526030081447,10.971996653773509,7.3520805365860005,8.300725569536068,5.427513277216415,9.72999960186415,12.989915956794675,15.447849248148033,14.321721774663033,11.928143687222914,13.751508801804261,9.123024166226507,7.008496902238302,15.382972790894454,10.703402165853413,4.303632909057869,8.003278709644285,4.2126132576227295,6.150544645376625,5.01814427843462,4.188862680396135,4.298956562690895,1.2733909899419324,4.866810833221712,35.692197411392215,31.41319565246238,18.332052275146225,65.77487480157085,14.282727096575247,14.575111401643401,34.802561431806645,28.356917350942886,16.741653144452115,27.803852520238628,3.3332334375689614,28.4664818234054,19.861834114959393,18.80485946801114,24.07948214320042,62.98029194392527,10.542036337178772,18.82659806973976,33.56566724679084,95.7976820252338,44.95753355115235,14.322742325016335,28.423035314949672,13.604232539606588,11.315072340624504,4.118835572736881,6.4904812576683435,10.244479203845811,6.8807679189451605,11.721323395071733,56.277833790306865,18.37353175598439,12.736269113676341,30.00637589447329,43.65230610073484,38.626095975798485,32.34765632491599,29.76178194269218,38.90396911417019,45.10201900160432,38.1494645419862,38.928654574615024,36.72914402039695,31.595344536597068,23.10883189758027,17.703082813180625,14.778868678188879,6.449542726978895,7.612361495942475,2.3289515597237807,1.0074063094594783,2.406555955491884,5.182088153685038,5.30568798151414,7.28519354179146,7.367721644043609,7.685684585978567,4.782287692118789,6.233679316214067,0,0,0,0,0,0,0,0,0,0,0,0,0,0,0,0,0,0,0,0,0,0,0,0,0,0,0,0,0,0,1,2,3,4,5,6,7,8,9,10,11,12,13,14,15,16,17,18,19,20,21,22,23,24,25,26,27,28,29,30,[object Object]
1697314313790,8.594644572164754,32.809284285909634,3.519767581767861,37.39971302617933,25.00676290566873,34.88183600841307,15.361340687385372,21.858985027316606,26.653404134798915,38.82188300902198,32.86898965422718,25.603888409466,32.427061027414055,21.409503927324526,21.5729534758231,16.741673100968047,13.474534307003946,9.251687961367104,6.583010917375675,5.506972049410473,6.433918667758306,8.774732649339937,8.757697278486802,11.096257197730466,9.038155283499014,10.079827660365808,9.390107351531451,7.385560841291656,5.758615210406453,5.7363047948982775,10.68412736374289,30.769776123474532,45.88678358162175,24.64854526574122,12.465519081369907,17.55941733584557,20.762944841975994,11.388807988092674,9.288490062823373,2.535459478822364,5.3960514190958095,3.0459465918987703,5.117469643520347,9.162789523498239,12.755623778158732,13.66668657081982,12.192487918382364,12.940436861213092,12.158366460194117,9.196924455513892,12.778705504032365,13.268385761933947,9.597795960488437,5.084852942197064,4.3446901419202835,4.028424834523656,2.6733768771386086,2.102938206385447,1.3662986489076863,1.0026020795760469,1.9063852347431276,25.425501664790968,5.807683825209246,20.990827532314015,71.62501679401699,27.81381882469559,21.36828196994474,44.8172225424412,3.6998883292969036,29.84419452392896,18.112813258601527,11.070558766777648,21.356007632367135,17.289652003677467,27.936854445909592,8.654611091970157,50.00679033191004,12.748535031897415,10.523988450103536,16.158586532069304,78.63774306883407,58.014137115707,27.92468587972576,24.217201359479297,9.655935928384384,9.182284761392642,6.270920218472369,7.820184147482076,7.54048235222197,3.102658659541091,13.865842673420723,31.80940502722207,4.337230733391996,17.022568951696528,32.6097140960441,31.696325727150235,27.106052414091376,31.739460669505956,32.654844491777084,39.16544576188869,42.116330389415616,41.269785011643485,39.375775607774784,36.44375447013087,32.49280590217231,20.942586495546134,17.722822403789756,14.352969290699281,8.896580589571741,5.26220817438342,1.381091607507704,2.8562571177891125,2.2660135062596627,4.9772183849356235,6.38679539959708,6.42906074020521,6.343465468798027,7.225879444632626,5.874362531520398,5.057996579437795,0,0,0,0,0,0,0,0,0,0,0,0,0,0,0,0,0,0,0,0,0,0,0,0,0,0,0,0,0,0,1,2,3,4,5,6,7,8,9,10,11,12,13,14,15,16,17,18,19,20,21,22,23,24,25,26,27,28,29,30,[object Object]
1697314314211,8.260690573986693,15.14276361294704,38.41813097521317,23.177468614141397,12.802269249288653,13.207650620045788,13.837267503548672,3.7410404099845214,3.4305929660243297,0.8558376954023696,2.1407893948893886,1.8809370121505442,6.939010136069643,5.0359298564559145,1.0722496709570015,0.6950681027473964,1.3398987516923369,2.08131716725271,1.0848127616945609,3.5318761770669562,0.7958644883124879,0.5986200229869694,0.8404454096674475,1.7098444407833024,2.5765161020769036,0.8461602509447502,1.225265145375959,1.3852270024748228,0.3685504532343417,1.17240140263926,6.641450617775256,12.157972280694173,23.331090289558727,13.512587792669219,5.865437547575972,4.852104800487376,5.588600190237823,7.293381115857447,6.193947338766945,5.227538669340589,2.4923336341400226,2.8180221068714935,4.259226923192616,1.557165700297795,2.5411776600553995,0.3056547056538728,6.311675126863462,1.368109437352928,0.3840473813914521,4.065054879555597,6.95198490329022,5.840448245051232,3.1076213107070965,2.046163192642417,2.4049037887581988,1.2283188878661304,1.18319523469801,0.8425182830166507,1.5482317636307763,0.8705215025736416,23.749583230507227,33.854072953111924,26.46197935302156,39.58211880330296,41.6933618065305,18.23955131151217,23.509849133049713,21.72318031274729,25.02028456673181,37.504604200398994,20.439804019866244,21.490994843353523,9.02029152510602,13.585537606997221,17.51742484582427,9.62467656298497,67.33535451798073,21.82703798115771,22.708819662237772,30.111574774203532,70.74563582933601,45.86444702822643,27.826158338009012,24.51261632225336,16.292883846250025,8.478217681521496,6.424038692947806,1.887154259179321,7.585327288195635,4.656354897172191,6.056679362213755,18.736939260270056,33.362057847307014,26.371661460325726,18.750716851855454,8.795610372379135,6.777013576333803,12.286370596471341,3.0571136015278646,6.387407485416051,4.376949546965451,1.1992579756189516,1.240761854819487,3.4997993397711555,3.8434273269915074,3.510680419565822,1.7001347314740944,1.2054772355088488,1.3601798165272216,3.2160269305454166,3.002210533094446,0.453815134051746,1.7241607426883006,2.3541919781241423,0.28779599077705276,0.5132189178347855,1.2382597031726805,0.41257932086756055,0.6662649664070819,0.2998818575485159,0,0,0,0,0,0,0,0,0,0,0,0,0,0,0,0,0,0,0,0,0,0,0,0,0,0,0,0,0,0,1,2,3,4,5,6,7,8,9,10,11,12,13,14,15,16,17,18,19,20,21,22,23,24,25,26,27,28,29,30,[object Object]
1697314314585,10.510794329038983,20.652100960813772,40.30981234216345,64.59630904099204,51.8947145950458,28.374164064431067,16.805177126696304,5.3514608624802165,10.51154112187503,15.023873587939232,21.349578324405698,25.829356888140435,21.949790304186788,31.002831506411955,37.09790060363097,41.70913387332923,46.29428909503255,45.96386499165278,40.42247341662122,33.74897646094851,31.51716911130942,28.203690658002948,25.65851138021792,18.88720833427059,15.898221956380528,13.526560745545138,15.263599063420093,13.543999101896894,12.241131643037651,8.619637188293655,4.315794301324406,10.910394251376895,6.037871437000673,10.911912568906313,22.315115375686528,14.53260360716526,7.12555316430407,6.4020440471831135,12.873963517578735,13.691623974891503,18.62294140755702,15.747700451375486,12.569629753037969,14.280112717338795,17.1783046494828,21.50318909729736,29.191585181735785,28.060045821260502,25.57276802386381,18.753350205650268,18.64286744843629,13.985431823143497,11.425411545098592,11.444720487155292,8.11570378697298,7.230176827964498,7.552010686642943,7.388440993963251,5.773277868115683,3.547900193296534,4.768802801088352,23.74530677623281,13.755856110665656,40.117646101787685,16.41405795438935,31.693009928935762,23.43940451171663,34.37062142644205,31.930342187306692,16.517520893519812,19.72191666058012,16.896477698749905,39.47882077932826,19.232010539398285,3.9554631977583834,26.794807101559723,83.45202999582575,8.25265994015299,25.18196465953289,15.503671969791636,80.40896754290652,34.772586241479495,16.969572265615408,24.07094468861655,3.719941938927356,4.947880534854585,4.216901885421513,3.6440214754146316,4.674421213071769,4.5652456948184135,5.914740016409572,16.81328520014697,22.531951880365266,43.55946300967043,29.255935848837034,11.653557045973798,12.106908219181781,3.261530393989753,14.74572788551663,11.419579501818646,19.99785643349129,17.614173135136582,15.87348965957347,26.28348879688852,35.1690980580014,37.98419021040729,39.193606070909894,41.98673349509787,38.5981265781868,33.911799003541326,28.704503217065295,23.677343167871808,19.528435171046063,10.69275236041377,9.891483944524946,10.251186111127595,11.064999691136798,10.001059631489875,8.442332018200824,6.244493935685808,0,0,0,0,0,0,0,0,0,0,0,0,0,0,0,0,0,0,0,0,0,0,0,0,0,0,0,0,0,0,1,2,3,4,5,6,7,8,9,10,11,12,13,14,15,16,17,18,19,20,21,22,23,24,25,26,27,28,29,30,[object Object]
1697314314960,5.176622814384304,27.55118455458083,78.04339893776852,53.66737361045386,25.613230368180012,30.336318009540463,25.17637877319889,5.815488096844647,10.0155616705245,15.427872754562799,17.669407962795983,17.330925896421128,22.21635175814166,31.37554692943486,45.08289233779677,47.5073287770204,49.139244557701026,44.46411311968759,42.906831445958105,36.57366466682154,31.699350682277036,27.694495767718344,18.757906107833104,18.65614668303439,17.325661717932245,15.80308815950617,16.992452417153142,13.394437030609662,9.99277084550573,6.3444673079417715,9.336447751609132,13.710967586773707,5.649686869011581,30.963319387044532,22.449005663330674,9.341961699057851,7.555212223235845,7.947154680723794,14.561767061880227,16.820996666957996,15.846569125259025,9.235395118037273,5.703800606401159,11.311912231604873,14.910149288903071,20.931977739001017,28.264669678806865,28.02968492884245,27.943858963158828,27.43749851864963,14.578718465727066,10.613069643642245,13.899034849612663,8.752147841046519,8.891359738775257,7.052016890347463,8.761719881683693,7.964506895288426,5.766395192306267,3.5496220720275122,0.7676157108436567,17.715513069836575,30.63147709729852,41.80427434385634,26.839862886707728,28.981644105634885,37.36597117677047,20.703439316275155,13.89216267634118,24.230947991196302,13.697597722331663,15.873157208094336,28.68757440649897,17.74234515368999,3.576325802540343,32.464622386520446,69.02810291925869,19.195347223922393,9.416778797784348,26.42815893318483,73.93786401398975,48.55453021877048,23.26227916287796,30.47434119546113,9.922922691684079,9.457257059131832,6.06587896328576,7.356350409270557,3.9264024181106603,5.192548026543102,4.701803098885609,7.482367236036384,30.336672989427214,38.15204781412944,9.725731736803839,12.581886219976296,14.040116317155988,3.578856941877605,13.243901929635582,11.1832477249493,18.24904228961089,16.965506668030965,16.991168776286795,27.411758075283135,39.36720518235115,44.206389076524644,44.83237688241034,41.660788694554945,39.597699273262855,33.140979719051295,27.022585981627024,20.43317186170427,16.104428186484068,11.290471713452437,11.951198183456789,11.864344596271513,11.495927481709186,9.2230225768839,7.21043928061215,5.46928776941474,0,0,0,0,0,0,0,0,0,0,0,0,0,0,0,0,0,0,0,0,0,0,0,0,0,0,0,0,0,0,1,2,3,4,5,6,7,8,9,10,11,12,13,14,15,16,17,18,19,20,21,22,23,24,25,26,27,28,29,30,[object Object]
1697314315383,12.836112489738646,36.019924560051926,74.08086508144234,48.760692188519045,18.956500565619052,27.484659455781074,35.73650470486769,8.02798111806293,10.349816621820189,18.907858739608635,17.020427232769467,17.65336716247097,20.93724710175572,32.158391172142295,42.36494849781558,49.697183700128306,49.34704943592641,45.89600471794903,41.7474690350556,36.72442243044998,29.84229101360503,27.622185687259524,19.552635814373108,21.376546685415583,18.635992244321248,15.094225961354269,16.67420109879947,13.971204400106933,10.250157445430771,5.1646131290829755,10.536678057386478,17.806445233338593,9.53415267786718,33.60232296061267,23.738193656775845,12.263753671537318,14.913318314881536,6.868678801899688,11.72263360663975,15.707160792348922,14.503919740069176,10.472194855427206,7.769219531035087,7.454380087517963,17.163499614795484,21.97168467309033,27.198334413514146,26.9205558415914,28.003374797638656,27.3200295866352,12.723721802287384,17.259593801058355,10.64196818663168,8.055950108419312,6.726399043685651,6.000311383288396,7.535184436905364,8.187761888472412,6.544519277714895,4.043886550381135,19.79308739879086,29.739015207422515,68.47464574370437,25.90488240883181,66.23973464496017,17.5164589311156,25.761069807690692,10.282387490115454,11.60295060249717,32.93729385445097,32.25122938692741,13.617421271892702,7.569235550509086,13.231571901174867,25.366513906215275,9.322818709111111,62.79619790294215,22.921245454029975,11.686528530830007,4.746488787485607,82.0942560506827,43.73028988429634,13.768363416261224,34.82687628960327,4.994736115118465,10.698317952648999,12.890697336555831,7.2623684690941674,2.339372500960202,3.083706393455481,9.240384696490324,15.108706402930885,30.91879000444205,31.425673255399083,4.524421930150471,12.793438081961355,22.429607390459847,3.582818221517601,9.8350093527669,13.885356191655678,18.066071750871775,14.520906156506104,17.838506959760956,26.97866477766704,37.10134895336603,45.00099804266935,48.30469655249597,40.9115079976122,38.05572948934518,32.31653305035557,26.073778795743134,21.51540324684048,17.586798415478338,12.161208244742841,11.991586586321482,10.916617732900175,11.31374337230539,9.698038552220734,7.12947381400686,4.498607843436839,0,0,0,0,0,0,0,0,0,0,0,0,0,0,0,0,0,0,0,0,0,0,0,0,0,0,0,0,0,0,1,2,3,4,5,6,7,8,9,10,11,12,13,14,15,16,17,18,19,20,21,22,23,24,25,26,27,28,29,30,[object Object]
1697314315755,7.779402974243252,39.092158740203615,30.173120972541433,7.387832100978022,29.65966348060124,12.693692333493681,18.426369148416605,12.073147331307823,8.4068925745398,6.5927785791470574,2.889617661425789,6.410894827097408,7.61445692862325,1.2904757986609596,1.9995432725810214,3.4433297101629883,9.14404040070795,3.9722734291403707,3.4895696316987315,4.041662291673468,1.9103136452545333,3.700047216862732,3.196062217597144,6.253924353693897,2.4049993071094606,3.95955167610367,1.0202760639068653,3.2450069433998463,1.371256499165346,1.1823012842795382,15.821490926552158,27.85440482411667,47.349028033652104,16.458030375998128,13.05540029049376,3.0508696094790313,6.243360795209713,4.663827717141356,1.7829453617553126,2.6731025052889694,1.3177177236679325,2.214693861807284,1.23990662873612,2.4413941375305233,0.7014305049502083,0.11008138920691575,6.702520525501948,1.4590032265491828,1.2588045854608714,3.1601485937823353,10.149994350145162,4.5484823526775795,1.6468561124355379,3.4510336802681345,1.3954524832723392,0.5730685965915954,0.4217034355786242,0.9967668261915684,0.3299996366768558,0.5665460770743931,29.285653754500533,25.695165615968232,78.90084142152264,54.23018351447847,52.17685781389973,11.93845201322351,31.339004015844004,10.576669757034008,14.386180414614223,18.206197314697118,32.5888670677186,11.215847428365347,1.9034779258713919,9.049882631463419,6.526840631617578,11.92903888354724,59.478679922350814,12.447298999318415,21.150308242891708,28.94343115982115,90.64788145318941,43.558675723768296,16.668356424736388,36.16737061538609,17.72681429540135,2.793844289869385,6.778149026580178,10.186972659993991,4.7270460495316335,5.915957891016257,7.33634484502834,33.67504948255407,41.49513111198666,4.507186899258231,19.28806752589956,12.471984711401767,16.326900086760585,9.947258610007585,4.015756913407063,3.324874261498292,4.389545897555027,4.390020154321391,4.632619782222145,1.4655359301737965,2.0786058021253,0.9459808820377505,6.643655810531953,2.991515117862738,1.1374907324257162,2.9562498393746006,2.4606440936779412,3.423105095201886,1.850998665981998,1.9121626021440328,1.1581247650627633,1.5667757963369544,0.9658843451215915,1.5978831732516776,0.46450864072062265,0.5311290199585917,0,0,0,0,0,0,0,0,0,0,0,0,0,0,0,0,0,0,0,0,0,0,0,0,0,0,0,0,0,0,1,2,3,4,5,6,7,8,9,10,11,12,13,14,15,16,17,18,19,20,21,22,23,24,25,26,27,28,29,30,[object Object]
1697314316131,16.38023285869023,7.101435915778721,37.0712914999129,31.546240530464722,11.770399063372068,4.714959553910442,8.191427383964504,10.761576769033384,2.1337720341396085,2.006824570532473,1.7840527910875639,4.989550688881326,0.5867205197880011,5.038761453592541,2.192067893935316,4.791916994285805,3.470575812090139,2.3430462038253284,2.432126740356371,2.8368499724010676,2.910157914903649,2.1892765465187622,1.2031145459847257,2.788462671452185,2.6371769905543196,1.4298646768694658,2.3108069499037827,1.9009278194309165,1.1880293781460245,1.8454554816108248,14.858073002037886,32.39484590819914,29.90236491094779,26.62114578020392,13.0077396655503,3.4610096325634934,7.575700099990865,4.54972504594178,5.024389997084816,0.9475111124846656,2.1617235110708006,3.28475397047992,1.7940886755663314,1.3018119814562152,1.0077795786896517,1.4508553084287301,6.332519855708628,0.7150231350865913,1.4719546653239728,0.4883342614160669,8.488848544543531,5.147578766791335,2.7437059065697977,4.437519608657624,1.0463552043891622,0.49738755437874305,1.9577247547142644,1.0185189169774878,1.1866374625126817,1.2704088478114977,25.49416821839644,81.26653645961697,57.1871977924778,55.62071766467863,27.61826558527979,15.565244616683886,24.065854762278992,12.744272776006342,19.71974177835095,18.002667719786462,25.15349458361393,37.54547023664339,25.95839714264511,12.898787139194763,25.67337736239979,20.39172552200275,59.37236207308848,15.59671494860458,18.33619727434075,13.158174483695014,91.49453312050095,36.50087323700058,11.120179931009648,36.11233519903634,3.6890246191736855,3.5971822281840065,10.72002661775197,3.4339963597387575,5.895840466073889,7.029792183884051,16.837739290137183,13.790481270417807,46.378714001801974,22.33583643658508,8.058474260765067,7.240314934890978,9.795431552416064,3.7571846834401468,4.718329699445786,1.5447053266935833,0.6569250580227038,4.297093476843716,2.415710287141555,2.850139682980729,0.8233201114211549,3.5707797157420558,1.9894085192042934,1.0519374604456078,0.32414020187340803,2.944001625943352,2.772988545102593,1.7143190757144302,0.7263170577652832,2.3611927638044556,0.9535006746831528,0.7359471507324076,0.7801990695592422,0.593838258752274,0.16909300837838354,0.21515938467934778,0,0,0,0,0,0,0,0,0,0,0,0,0,0,0,0,0,0,0,0,0,0,0,0,0,0,0,0,0,0,1,2,3,4,5,6,7,8,9,10,11,12,13,14,15,16,17,18,19,20,21,22,23,24,25,26,27,28,29,30,[object Object]
1697314316566,5.119783059851062,16.816968496001028,28.92341839647744,25.134370564166975,10.766715699617315,8.845293053209566,4.964713937129719,1.9359187554509527,7.379155252302422,4.260255268414106,2.8036024153565062,5.433263468045258,1.6467765352165569,6.212549781489437,3.564694347621309,5.349375389991807,1.681367152144034,1.7985912151314378,0.6718009705278201,3.3613997296646194,3.2352504229387136,2.3048048493436033,3.30571830382453,3.1100696997016994,3.606327776447948,1.6834954475056392,1.7713362361511762,2.530767912336838,1.2526357359283071,2.570810353555606,12.898884335862231,23.94387876207027,18.47662141566698,14.260407505144386,4.371004549632735,4.514040254811415,3.7675514017844223,4.134702324551824,8.332000630090429,3.184999844872288,3.4625391287635297,1.4835816470113496,5.115609501663812,1.9006215476981976,1.586335629144447,2.549819102289664,5.9752136059444805,3.5646133171182504,2.515422701323209,2.923847489524028,7.820994674137053,5.002856506353229,3.260790210270689,4.530187821688306,1.8175475435974675,2.3429452255921923,2.7092397623735898,1.3546671820683107,1.5710588542621498,1.1458378232399644,17.609537626348178,59.016221210026515,8.688879529552885,33.209812189760726,6.728367041514864,18.174912341424584,13.835349395514877,6.171848963204167,11.858202371839758,6.702942156250679,10.504915757783722,28.02690809193675,33.038695176700514,20.474950110546075,2.6941082177457556,38.410812927877615,53.7395887412153,6.097220060714064,16.06083233550067,36.47648430595299,78.86082992453919,36.77797073493149,21.248280143313977,39.17380444140262,12.040459689551943,6.297336385122825,14.506003495570091,5.502399626659032,7.189529966652946,3.2739469352173782,7.955274760671449,8.16160720241982,36.326156385392274,20.162021235664263,9.761850743660064,11.697602904967,3.354707971500602,8.41227020708661,7.759302157566581,0.411117253559616,2.6715755544374464,6.425863842060244,0.7145972763808925,2.706754031374498,2.817745051109792,1.5166533644557434,0.8922756920562273,3.526249163116949,3.3714899949875634,3.914021028685472,3.245460011690552,2.2238089607775575,1.1842594481721676,2.7650075690888927,1.539596422725044,0.23083041720897926,0.576040894968409,1.4552603199631748,0.7707144896167438,1.1947884911068218,0,0,0,0,0,0,0,0,0,0,0,0,0,0,0,0,0,0,0,0,0,0,0,0,0,0,0,0,0,0,1,2,3,4,5,6,7,8,9,10,11,12,13,14,15,16,17,18,19,20,21,22,23,24,25,26,27,28,29,30,[object Object]
1697314316940,12.686122217566583,25.316347477481585,1.6300710018900486,2.6960939264027246,7.807150511545375,5.796327565394188,0.224479202558715,2.896035828883517,4.6001167407962384,5.827868928625843,2.7272545467860354,2.4607899727612548,1.934253512212266,4.227904136196693,3.281323773495131,2.792566839610582,0.2402199837914549,1.0378752804963578,1.0887729380715387,2.6158106742754117,1.7983931896066443,0.9297486998449703,4.665074975040435,1.4411908952024541,3.535955804774657,0.19200918016320234,1.3165804822649796,1.2767126937259594,0.17916750881102045,1.392286552967754,5.038657109547988,15.582640199104011,3.620863783871325,1.9444063130064881,8.009175208588484,4.399560175295622,1.0279962412979975,2.2901718789179566,4.69255177336403,2.8807055639750083,0.8143408342803162,0.8700319527310515,3.3343079000465545,1.196356500162174,1.5057709776139727,4.6142839949244765,5.881683221176658,2.1058778496771486,1.8529093275977804,1.503246683845025,8.60650272535295,4.705634380769601,1.1047699273741693,3.254267838517859,1.4751271003507005,0.5548915096579731,0.6358070321289185,1.190411922257804,0.8038018516493475,0.4048345038875998,10.809185188715206,25.137817752658112,35.63803927178121,30.5738842083367,25.68055975460065,27.152428362766653,17.952932129814744,9.067217208944733,5.048862260073073,4.316355142328673,20.60812024246192,15.168591334808134,16.652813647634012,28.61146526550355,6.182924284518449,41.142182374467794,68.96027275607656,10.408324503643852,5.917246887921741,14.091196352040637,85.57049791464866,51.99785068095616,11.114590305912657,32.9270361894394,8.285792991160637,5.803742343940911,8.084995281778562,9.184656863122704,7.880230553229819,4.803456312583707,11.52954154690868,21.407052216580876,12.42467984503321,1.955196003676846,3.630586735923374,4.875036890332081,5.354648815460889,5.865445262263366,1.0575170000549237,7.080977734515323,0.723284050767485,2.476925149801734,3.6560981701637085,2.7406188004887078,1.9142757498165546,1.9637816669597403,0.5999047375785665,2.7709484646325233,3.159663927932054,1.9462183399009918,1.2471136633022692,1.9791243870418362,1.1171134901921518,2.460523062846149,0.048649784394718384,1.1421300907526806,0.8381338865176365,0.26637173479697435,0.2507968222422116,0.6240370234420628,0,0,0,0,0,0,0,0,0,0,0,0,0,0,0,0,0,0,0,0,0,0,0,0,0,0,0,0,0,0,1,2,3,4,5,6,7,8,9,10,11,12,13,14,15,16,17,18,19,20,21,22,23,24,25,26,27,28,29,30,[object Object]
1697314317317,9.407334607550052,20.058913224658863,13.549961473030724,15.175843952654168,17.741183624678776,22.73410246509742,7.714250793869773,10.623066166505836,3.062493361630923,11.43501391399511,12.313905094131696,12.763433907624853,15.630212416063097,17.073513610652306,19.16841521622404,24.201818342274148,24.431887612705772,24.588135290984194,25.498990957952184,27.99325350361378,26.821044497692775,22.969753482112523,17.041921470718034,15.277374336045472,11.26936144727219,9.025403877778608,8.572122305882388,7.481667893761169,5.3234229985363495,5.391113009611937,0.9953879887152274,10.385249094179459,8.485987371209822,5.585674387352755,7.00221330730616,9.580915457695978,11.9727122922594,6.938480010366011,10.643877629102098,8.663762711218153,8.683594297143243,8.583602380242015,7.1311431270195955,5.712170737866905,5.774519871378631,10.953173002808178,4.719037514488429,13.965442478432799,16.577620906892744,16.732890352857655,21.749232132850516,9.823267610468932,11.47331143908512,7.8479819828754565,8.698836121959387,7.035510768194426,5.30766250404786,4.509467397893819,2.8558052513867147,1.8411376875749363,6.889008145708233,7.596110254609378,31.445173235090646,20.235861241590428,34.14588800803336,22.656410885548823,19.88628386828482,43.00469666512235,19.04059100023807,5.875159292470572,5.4622881857542005,8.6921640373467,14.539055912430912,25.280295159259826,20.044459956334556,50.82446769752972,44.86827720869774,27.169375916511093,15.071626060931825,33.32821316483021,79.58773688620015,44.09601269347137,12.470711502578132,35.80240148162528,5.989191155719509,6.301882196880867,6.977327132534981,3.4308582937946577,5.072868068583037,5.608193682974536,1.5044887251637462,10.84102321463059,4.544294777244735,7.520891964776433,3.5714010955211943,6.563763230797768,5.546293420691665,7.427823264878492,5.1555792870010135,11.870201300699051,7.180206876357567,8.741532706612924,10.68410516679068,10.17173341009483,10.836468837545912,15.210336794368652,16.4005025890308,16.37093891633525,15.298711323530878,19.782663804186754,17.088827456182372,14.429685090667771,12.322981568542911,12.176473387161675,10.133526688309312,9.305861887563355,8.468800517569735,7.121193406397943,5.566421031140483,5.206804914512516,0,0,0,0,0,0,0,0,0,0,0,0,0,0,0,0,0,0,0,0,0,0,0,0,0,0,0,0,0,0,1,2,3,4,5,6,7,8,9,10,11,12,13,14,15,16,17,18,19,20,21,22,23,24,25,26,27,28,29,30,[object Object]
1697314317734,6.639227718381768,19.083083244658802,33.464188707414465,29.11445857762737,14.992870586678238,11.997405530679533,20.39271724535089,19.121179657237043,7.6919497971529,10.394264822984008,8.917744314665377,12.794821483975547,16.737076841147587,14.896608108858162,14.307787427774382,16.46606932976683,20.066668295779394,19.758406979924054,27.326088620118586,32.76196057743968,33.747665828774764,32.33399597257933,26.796551245241194,23.61483497366301,16.935872399112327,13.852505717549953,10.618325570045204,5.077119902001095,4.981303169884185,3.4186161053798094,3.1364221229800378,16.685860388435497,20.93517188983952,8.543896789005498,9.631610787823774,1.98897271493746,15.399750154615575,7.739761040162002,8.79746764102794,7.491188098716045,8.929565442400643,7.608593136679315,9.03676136051956,9.28935624254744,6.761814546514525,6.562282948558521,1.1154702970007855,8.622984063417773,14.528321952777409,16.601626342213624,23.51010230670213,18.433899222920452,19.865520557357844,12.23076757272197,12.517844631712757,7.327476300702056,4.947064753230378,4.250395760746117,1.301692088440708,1.296178136698481,12.946776342082991,2.4331749596705268,12.93758341931459,12.96558785070391,42.117949076043494,26.87796972579624,31.879297674991147,50.210512398851094,28.9057174552654,12.265259569300447,5.963754203167157,10.412884587932504,23.527353139993682,19.096869193099252,57.62279270042116,14.1076916989611,42.497971758071756,9.481974409744407,28.191016734049594,5.794034786799779,65.24530692569476,29.63769741603886,17.152826398232502,26.158486027325065,11.073886632274805,14.62639754100683,6.017082679658589,10.151358707358343,4.472352884732549,2.228431510846233,5.432054121237916,15.572050955432255,2.4520252120320096,12.91814024819956,18.994379218829895,11.209026084229405,11.276418976973618,20.40352257486432,19.41151820292976,18.84998862459448,9.758259914497682,7.530400231957654,8.195174305426221,7.822909352342941,4.729270945020346,2.373412568568762,9.206015949341351,15.49746187332959,22.038193535400584,26.235440535447754,28.88566834306839,28.20865495829843,23.962147642264526,21.02036213961929,14.928376738526564,11.281017447122487,9.318870700584833,4.960989291766197,4.081155624067208,1.7641133420787558,0,0,0,0,0,0,0,0,0,0,0,0,0,0,0,0,0,0,0,0,0,0,0,0,0,0,0,0,0,0,1,2,3,4,5,6,7,8,9,10,11,12,13,14,15,16,17,18,19,20,21,22,23,24,25,26,27,28,29,30,[object Object]
1697314318112,3.504735330190445,14.545148091210468,39.06314206728637,24.995388102661373,15.452772879766632,12.001091453450455,20.794731706450616,15.677520960116926,8.847515167279424,8.566960121109327,11.542560776825932,12.54456039484476,13.792564108610277,18.74545959345004,12.319860035493242,16.337788852963566,19.041094072254914,21.153019168519265,27.943402663728364,32.55424237123435,32.17452820620203,33.19408978864179,27.46629764463556,22.943899350201175,16.957399080046457,14.079576316936716,9.757941083427678,6.405948466642119,4.394193786377454,2.8097505729247962,4.550409601361681,21.301410417862563,14.000010228319363,12.226032762463523,8.11892467873702,1.8573021590275487,10.36048928144207,12.550875812543993,7.5077933851945,8.420584587473305,8.111907833929546,6.7642258743927055,9.15835170191402,10.778391857033457,3.2909069179048114,7.572338325751764,3.60715287650676,8.73436303660767,12.643274633860615,19.375839589874246,19.198658831718195,23.059064244072907,17.787659926509328,12.989065811598481,11.24171759199686,7.987040934627234,5.710881708907803,3.4892214487454707,1.3282018009698098,2.267098386014944,32.13693220419551,29.7792127610625,13.891739639141655,49.43213559288862,27.093016290470672,23.56289911707463,14.655776265536838,26.38884378152967,50.388822786878556,22.641753723081354,11.531408213802614,21.373889749115058,39.14636256795444,35.046997802814126,26.565136503081966,38.21892405787476,57.72962618512437,13.183547788451124,28.075015486890916,32.90701154816974,67.52254441998693,33.29919471475083,18.888055529888604,16.256525880409633,11.208587388647034,11.492646265782804,1.6795530780321006,7.311626692629123,1.8905515547889742,9.082247837272078,5.361353882278197,20.116159438295842,2.3588003526042325,11.177585998595584,20.08555020359607,9.288440680825445,13.11030066567758,20.345238733297055,18.45176718901959,17.624822833581288,11.467822475009305,7.891503607019563,7.60121278188235,8.508275649656825,3.250861069651698,2.5979610467864185,8.778469355389912,18.015939845442656,21.590542074982007,25.81101911277027,27.682009223917685,29.14697457580927,24.76675046952195,20.31946309818184,14.984186816475802,10.640966467290985,9.859128254868732,5.605612593580139,3.454897729789829,1.7763679196944115,0,0,0,0,0,0,0,0,0,0,0,0,0,0,0,0,0,0,0,0,0,0,0,0,0,0,0,0,0,0,1,2,3,4,5,6,7,8,9,10,11,12,13,14,15,16,17,18,19,20,21,22,23,24,25,26,27,28,29,30,[object Object]
1697314318486,18.358217116987387,37.95642005952053,51.242776001815926,44.33798219962045,9.873002448465236,22.89787307052571,23.919319395384523,19.943247906539092,13.052693813900062,5.440509734399,2.5852838535240794,21.465467933234326,36.218199825299955,37.64802835095796,34.97873990888321,46.94384548424763,53.2591625820638,51.27300951189805,47.439745977812244,45.54324548708389,43.2826030416146,30.7180708037358,16.111418782509574,20.895796333312084,18.6758055672027,17.50584143717593,22.135423644090523,17.15136109342059,8.34756369044807,4.294400300821544,4.8641587347375195,32.578693781000844,18.447817208242,14.99023277899656,17.765304987947818,12.819770708137534,9.947162900117034,9.94668291808938,9.31242507865183,1.322403795044263,4.425368528029387,12.06321511814394,23.08566019778542,23.519784079602108,31.424339705737726,30.754007367724682,23.808111370615688,25.295329958537113,25.539559244535976,29.35284121440783,19.7559863863041,21.021170755358376,10.780650413510019,8.092989731702826,5.529374069992965,8.522581553975815,11.241355775935657,10.529241750648932,6.332303163974445,3.757054996628184,11.972438874226713,48.22129669104105,32.21579476819288,33.22417686353286,44.604238992555665,7.4632553584025825,23.729714262591425,25.034130588092697,57.26809058031924,26.894716654562785,9.638495263468911,29.131361662856314,42.441328769021965,29.01375819955128,34.19241389055226,20.018194298937566,74.21402671189139,19.63218596364058,4.663269790347242,22.200293012951544,72.28158158414783,42.52986187222174,28.215551240677684,20.384957112852423,5.405894198683674,3.8590702692078653,1.1493292028452662,3.0908724948651534,3.748532184267379,7.5045233941548055,13.131107809411787,5.498983608906571,31.245691029336513,23.944730366502604,5.840588325729417,12.937181351805041,20.54521373608162,17.598550192086556,14.577930717510933,5.5584070627361415,7.022388501636278,17.78161093308663,33.26083184337874,36.05048946081842,37.9102547728994,43.294592302739666,47.51277683310386,43.441615953885936,34.525923849818085,29.985164106833714,24.77091122251359,19.192976265220317,10.198777007087019,14.995666694326486,12.527193822540523,12.531127116559361,14.990921904866013,12.756674445423496,7.499232661337645,5.70054285893951,0,0,0,0,0,0,0,0,0,0,0,0,0,0,0,0,0,0,0,0,0,0,0,0,0,0,0,0,0,0,1,2,3,4,5,6,7,8,9,10,11,12,13,14,15,16,17,18,19,20,21,22,23,24,25,26,27,28,29,30,[object Object]
1697314318906,2.8369038867054615,46.19030327226315,92.71757825990284,41.78711927892792,7.129853454871081,27.161533938023226,31.47785742167983,17.9272031673263,3.5355960821887846,4.164407841364092,8.694133171989115,20.187695537617543,31.769844762652323,35.81018688934874,41.396106978246635,46.97484400219231,48.7920179237968,48.07959014903762,54.014280854623436,44.68266658504432,40.497819168855365,29.367509827688636,20.278340035057855,17.57400020675377,18.765305774616984,20.887140754182447,19.29547548487248,15.588291029905974,10.582460914971273,5.097402800168342,7.024832470383707,35.222292608037826,25.721013067465456,13.131306250110041,14.083206618879009,16.524298505753883,9.987123403681304,7.9574120123215115,7.769775507200975,3.7432250976980335,6.575889625832636,13.72868540761094,18.939516705985977,26.341685876960053,29.720180451518885,32.3213057082582,22.9635745613172,24.054750001410376,27.596912861404505,28.259582188784712,22.464785007896282,16.24220225473986,15.007396639679511,6.735504776663984,5.673496920094075,8.696454671137314,10.89668966142826,9.996159581273666,7.070855311718797,4.10189439211983,8.149190149059676,30.94095238020697,35.40492809493235,39.938217585942425,16.84433360087537,28.577469589111598,14.878210262819907,8.867818014211052,32.764976500314816,39.36048043314211,14.022520327784214,12.167645224608684,26.7109991230386,11.577057546541376,2.6481136641657814,45.115064112954514,73.31703883529659,14.7159020230297,18.01729822825485,16.320019149957993,80.83187792913057,46.117154445135654,11.885233643204328,28.963429258312708,3.153166062904825,5.853541829277915,6.9325785397679205,3.824567951437439,3.1610742601437565,3.474839441896613,4.1050824415245835,13.649266461384006,52.31790944912458,36.44792591717156,17.007669971314552,25.664708012589905,26.696852878819733,16.823731987281388,4.166538282656713,6.188100863563611,10.707934240003219,18.702863792917505,28.217931242787728,33.60043930528654,41.597015790868745,45.91426944886323,44.19057972132665,40.20501664692022,38.51459325439746,30.578398550202692,23.341255596643073,16.75232898955448,13.938627385038233,11.280753344373727,13.647502660503111,14.389332107944739,13.242465490627438,11.147946254908238,9.008123157364604,6.920508447810056,0,0,0,0,0,0,0,0,0,0,0,0,0,0,0,0,0,0,0,0,0,0,0,0,0,0,0,0,0,0,1,2,3,4,5,6,7,8,9,10,11,12,13,14,15,16,17,18,19,20,21,22,23,24,25,26,27,28,29,30,[object Object]
1697314319281,4.932577958812374,31.58332455452307,95.72952472322504,66.41256455096777,30.649223562199165,24.77357829003269,40.28054662862894,26.856923366543825,7.561949382360968,4.669038757019293,6.924202224082315,9.995132702628212,13.416502138358966,17.492734035139236,23.19169689508686,26.172521090470283,32.287112985304965,31.516615250855402,38.77063352959305,39.82207241681819,40.093946514198706,30.30148902178032,25.842182097420967,19.175403515762337,14.156652660965129,10.095481311304985,9.062709478278746,5.9594471725576845,5.650981843525918,4.709841119938888,4.735937098505151,29.97113132925673,24.74223266950952,16.07877597398793,13.567563063510438,10.189554530020823,5.6161735783012565,5.135127111465969,6.888433277862806,5.059298481820841,5.852643297748041,7.639546757340529,9.63303064171707,13.228466050513898,13.241772027309242,14.486345605563107,10.521777103681078,9.10143886813799,11.779627822519771,16.95221150187652,24.86773194327137,13.9569387990381,14.05109835967549,9.880578058041223,8.307004481501028,6.035071246726699,3.9264665393445894,4.517435830896853,5.107957168029349,3.9159514194693843,5.8677684825346414,23.74216794451795,26.57406231417459,48.60299571005474,8.913506405318047,6.576915315430065,18.157327775239892,24.72809003895477,12.873410902706814,20.283127961210802,31.419441316120437,19.069590976334435,3.8830397608065206,9.684842623981304,11.62974509717515,41.860693757219636,74.66304340135133,18.12398302706859,13.003042739251187,25.576661542778382,86.58838798077059,35.37321565481473,17.225347887202393,33.05705135911321,12.827610249073224,4.064163777174316,4.586359673176344,2.430081121588311,3.9934349642522613,3.434614748356187,3.422907525698994,17.36036106339894,50.379251928714474,49.23121365811791,11.212451752720419,26.791066509422688,29.364749325585084,20.24847978720708,5.944266902617051,6.0379209755758145,6.657060647656765,8.04730977948409,14.171307062413225,19.97436756733262,26.13048566295627,28.75790348196624,29.751383698026693,29.383315790685838,31.148810254732677,30.489405725780124,26.546914711995512,22.866733493493207,18.418320970130953,17.345580149657597,12.831107177926466,9.26826959619725,7.457508032685145,6.41277038003312,4.571859775387996,4.034067879670902,0,0,0,0,0,0,0,0,0,0,0,0,0,0,0,0,0,0,0,0,0,0,0,0,0,0,0,0,0,0,1,2,3,4,5,6,7,8,9,10,11,12,13,14,15,16,17,18,19,20,21,22,23,24,25,26,27,28,29,30,[object Object]
1697314319654,17.8458058718332,44.54562950022479,105.50870726471975,42.84776955843717,55.806774770243045,32.45770618467344,21.488162705369554,19.28625005014742,1.5466225168421281,11.545075199416175,16.485074936003564,10.795455376222044,12.28062896785219,18.326771173359074,24.526273952970097,27.92079011686345,39.79744387283568,40.7860031152069,44.86357548605224,47.956414253619386,49.943280250443976,40.25767732628062,32.42546710158643,25.144688427090518,20.886554549842245,11.934527878511673,12.559383916381002,9.982193132555699,6.991392853169502,9.376891233242397,2.6482107877873537,30.956873894803532,30.08125155971053,10.113938697548964,12.160494822220436,5.378052700831124,3.903712246447772,2.8066919119103284,1.4409568018352663,4.603907894509363,3.3661373967437895,0.14170412024016515,2.4110872986570455,5.408796459791233,10.667328863906064,14.901745436029062,10.426254500155029,16.52468952805972,18.304321994443217,16.98160999128158,26.256083980337376,20.413481581035338,15.180789127717455,8.440423857253798,7.2514102358262384,3.1243411280701885,0.5583568079643202,1.5265683714536935,1.490004130594891,3.7269707165653108,4.478390625409938,20.714026369278166,39.202709307314585,53.685063753184444,5.454045700863125,15.11134375645537,16.63723221802937,18.789318884121798,22.537343835924126,21.566349423546452,16.191549781810547,34.956193738598095,16.690300803805883,3.7477022406504754,16.72410679551297,38.146826206988464,80.40505681814743,17.11937352027588,24.12495693701233,30.490024281715606,71.8780688850346,41.93177059488264,10.343095024797952,29.28117497390211,7.399309005272649,3.455971671579968,3.0742808964647295,4.59030751911893,2.952236594332605,4.977199628509013,17.36877428631675,35.11431902880704,48.90605061478873,14.67833100915406,29.27635889686517,17.954034955387637,25.143262888743813,25.816523835420686,7.220359793630612,16.458527301040736,26.871417473118115,19.774399835527888,19.717510177993887,19.310354829239984,17.558048046530313,21.096374598270756,33.89066096288836,35.17308755967196,37.192152866679294,41.87695956269308,37.54256418993502,34.90469995996879,28.8044150770071,22.77602630035536,19.25970106166381,11.739940666614874,9.0002388816284,7.205133905091485,2.4358646725986772,4.505433095239638,0,0,0,0,0,0,0,0,0,0,0,0,0,0,0,0,0,0,0,0,0,0,0,0,0,0,0,0,0,0,1,2,3,4,5,6,7,8,9,10,11,12,13,14,15,16,17,18,19,20,21,22,23,24,25,26,27,28,29,30,[object Object]
1697314320076,11.942878015846118,66.781959950087,93.53998233727842,44.47773208435086,46.011699998189705,32.51912375170273,20.434921803920837,16.33123045605776,6.453091262709275,10.829649384735545,12.575116917426508,13.515100979370946,12.659595840899453,15.97029962279135,24.469297523509326,30.024655549452888,36.64071887691781,42.15008533409096,47.20954657467787,45.33165017705688,48.68067647430803,43.12765362532352,31.433466073023123,25.79523508571919,18.54506542703846,14.2105957817906,11.922637858971799,9.705950344553527,7.6036470203395625,6.939365490953204,6.3074670487001905,31.18854960731787,30.31671229470622,7.956790539724999,9.683842810411404,6.165570203731552,4.936094089270355,1.6835578540089795,2.2408197212575627,4.922189554964245,3.0093143218398284,0.7559903054292051,3.079607006955513,3.780147926245375,12.185834672295416,13.473298757776018,12.207438296091366,14.767185740804788,17.698813068115346,21.003404707822153,22.87297211909835,21.54052028014152,15.868876953712235,8.588044574487704,5.7550425775166065,3.5091026262530645,1.5618349695443352,0.5814890877872188,1.300439810377613,2.842154119715047,8.510384700782026,38.11431071704022,49.010937444337294,39.45811780061394,10.395968195583762,24.497131045915186,25.73651440518685,19.802458825674524,44.26127365736507,24.255801810318562,15.49628638545911,24.863195037521415,23.730303937887314,22.19976112595828,22.202405171844237,25.25435077966222,65.97521919749549,12.664179471013094,26.02328820789649,10.822193377969503,76.25943091967311,35.09949914033798,19.853213711789422,27.22066331047237,8.987229448895777,3.95214276088196,3.977281135346638,6.9437940206038515,3.5338512184482345,5.335027938580853,10.895234612013823,55.59514807221836,45.490196277469416,7.959224323996563,16.457529889192507,25.377628635478015,24.565988869806226,18.990398649183906,13.473416187453,17.50214076903545,21.566115869961624,23.417331630645183,20.67433507394573,14.382284735237254,18.44827280007783,24.433027096609806,29.590467477111666,37.441923761774845,37.52308232714009,40.17471213481593,39.19529483359767,33.268933230748154,30.38636617549761,22.35443539620907,18.26330640911954,12.368238913015903,9.362261673473004,6.458634106148892,3.2188516292497122,2.754723825456568,0,0,0,0,0,0,0,0,0,0,0,0,0,0,0,0,0,0,0,0,0,0,0,0,0,0,0,0,0,0,1,2,3,4,5,6,7,8,9,10,11,12,13,14,15,16,17,18,19,20,21,22,23,24,25,26,27,28,29,30,[object Object]
1697314320450,23.034106167409462,76.50055238599252,36.98418011502586,75.0908651710039,68.18381256028958,30.343455125253755,20.20282247701979,15.352012497001489,6.034219338866153,10.546500362356642,13.297934141209073,8.311220009268428,14.094027531702613,23.604910887492824,28.896844192258733,27.992018428620337,35.50306861074706,41.33347335646924,31.813539834518316,19.496852178323913,17.989724176134953,19.054200525454487,15.4496378400376,15.128660426372456,11.988673530038374,14.813245175822466,13.890959338895925,8.259831670954714,8.624073183214364,10.823091424611095,9.23180992059001,42.87261595987081,21.66821812296249,37.92456317746314,25.616625758834395,2.1241044124319606,8.747733392613837,7.775538765671855,10.939117145255135,14.693832688642214,13.472495912891084,6.535668145413194,8.402078592567252,13.304855827819416,12.37798852817114,9.459214130938866,16.590106807936962,16.333191583949283,15.239613626540502,9.933257812194997,2.7732398629602852,8.357243640925498,4.6774313847849465,2.54623382307434,3.435162890256589,6.121604826308634,5.261511076903115,3.8455798736736195,4.927173849407979,5.583461055859543,7.145383522726305,28.717629031290915,55.22919845826117,3.8790753825783955,18.16009830069386,21.530828580840208,38.69893104948025,10.732811846209396,42.11991555630741,34.055167669632446,13.857790041700516,20.293100060477485,27.719518866270402,27.61684911097049,22.264424148077058,10.738094334235067,59.40562826947646,16.094547020682416,9.101906542955641,26.977888338005577,87.78994075573753,42.983723367581234,11.172792004321003,23.396734393730103,9.718427403256594,7.636206589031834,7.074614220668533,5.357019257948571,6.972757947584794,3.5123164608191586,16.97067218210459,45.173033819211,15.904870026947636,44.480560714357075,37.746738990719166,14.77981870282391,9.365095678543527,12.095413020970504,4.604902371847858,6.555173150811421,11.004377267935602,9.370071251270963,12.316963493762959,22.786012341160212,29.511127313291645,26.751576120164874,35.684386967960165,38.72327262287832,38.71483641465567,29.29627528716883,24.62858995139234,22.60789100731309,19.967796138893252,12.871079272533269,11.85727681336366,11.833102166705261,10.370408104610704,6.488336573160943,6.032713194459952,6.969604170286289,0,0,0,0,0,0,0,0,0,0,0,0,0,0,0,0,0,0,0,0,0,0,0,0,0,0,0,0,0,0,1,2,3,4,5,6,7,8,9,10,11,12,13,14,15,16,17,18,19,20,21,22,23,24,25,26,27,28,29,30,[object Object]
1697314320824,21.211523245685836,23.551235947941215,98.26792960770103,51.209051704471435,72.27701434478797,20.22072434042318,37.065354064672015,7.915035338691738,13.1263997076182,16.943132031356726,9.702641838369185,18.320997736729687,19.729314176024218,17.621235053143142,33.28626271509739,25.673018531284928,40.29059790259922,45.4343380183089,18.76169459868349,35.07674305604603,9.888643899437843,22.757947548075997,9.126627368459445,17.533896153158324,14.803901430188398,12.91003940857972,11.169829981809029,11.499176001362901,8.346001659046786,8.916815722754992,3.6734959609492965,26.045867993895122,49.98773921520438,36.004681669131124,29.847364821170398,12.19638248061996,21.950544976025316,29.256099447598555,9.754036214460738,31.55450237435655,9.785024757325361,21.686734791323516,11.78050338397214,15.181021506524853,9.44352263659861,15.41402794886865,14.004499599037953,19.456516538517516,7.622015665910478,18.40416900188941,3.886765888741237,9.478766487619275,6.517531797091169,6.723726183721147,3.7915528265437786,5.22267345215381,3.7488476139501685,6.375086522446997,3.9040473506993663,4.423321753292042,41.2364236411737,60.527487910218035,13.341847331211264,18.327429682727082,27.047565473207,46.483187037009095,30.963606258290977,22.302182503295203,12.911017854292899,25.61527174109631,21.306583118458406,21.91990726173451,5.25057779563149,11.28198663140456,12.667963647530257,7.39584131676483,66.55695940948122,18.458504544555264,3.4721281023666837,14.59436290928256,94.12087073724555,35.413033107393524,10.598000496800472,20.928913633414627,1.1515691521789913,5.229393159920773,10.587185724812016,0.37078609175039257,8.883175773394138,3.3943800329211764,4.241472239448499,7.556325020091265,47.0268718003893,16.596575198018257,37.96034419340766,16.143911007173436,12.939933137986857,5.5835435350822,17.31529688822635,17.907248353102357,19.212787781244437,20.928512830002056,33.37061723841669,11.575197928087194,46.91958088639413,23.125709581155462,43.578781736404494,45.47597356236512,27.438533446870085,43.20387365968476,17.357368873882773,25.97998897392541,16.73404616458615,15.178007223833458,12.144283527331119,11.975744533560139,8.242540749222695,7.164929659052386,7.300400266011104,6.696099777876266,0,0,0,0,0,0,0,0,0,0,0,0,0,0,0,0,0,0,0,0,0,0,0,0,0,0,0,0,0,0,1,2,3,4,5,6,7,8,9,10,11,12,13,14,15,16,17,18,19,20,21,22,23,24,25,26,27,28,29,30,[object Object]
1697314321246,35.2349008490758,40.10877054923667,95.0845432175164,29.009022610944168,49.61654794764502,5.983811263663898,30.597364134495553,18.077358750870935,25.86685678946269,13.19395794591893,22.828378755397548,6.549114126386579,18.65713553324208,3.4441582631538767,15.818768092835644,16.081910112880347,13.293289028378073,20.18479967318662,7.9037718949781866,19.1925292247424,4.6534342301678,15.613314932957511,4.350137763333284,9.875652844470618,5.066396025699839,5.327825394745977,5.992740585777467,3.5134232557125706,4.97919684678489,3.231051928366531,6.815630034114335,48.83043069577187,53.04402931052675,29.739684818618215,17.20211748241222,15.367049903250392,14.828120044414137,29.740326394283525,14.370165183678669,24.16186156947883,16.592458894201297,14.977616823119343,13.958640681925148,8.744924799986004,7.169954271623693,6.221128900034718,6.069208631591487,9.879480316077,6.338419454453436,13.593548721581703,4.868888157776294,7.1260144988203304,5.458185700772686,6.168195286015008,2.037869416519283,1.168324208247176,2.0936568796392345,0.33738749554579867,1.454777523068899,0.32795338776581323,32.30963250385417,83.604241699401,14.757100083234032,15.63385073615466,27.206541140920507,28.448882703283832,13.424642212191664,50.007852186337836,17.763980852204796,25.301441203567546,8.721170685405655,26.793360440080864,16.184604807747387,14.019938528574798,21.197346550172632,7.76669032639139,67.87729083115735,8.76530014348274,13.552160399207922,30.393387571477813,82.19784621608322,29.001277743340655,19.728421940047234,19.004549997196953,14.697096517685864,7.907560394071772,12.111559117597645,8.241945597537569,7.558643936378528,2.7658661417728982,26.01570009291949,30.52310615282795,66.73334094522467,26.624482852730505,17.469975722440516,20.646455271070927,11.18607408616741,21.13952969745288,36.14178375066167,6.952222349277244,34.440145590953286,8.600210491448102,28.473059499808578,11.117753666023772,23.581636421837413,22.270596701670506,20.9951545823331,26.178555607432198,11.359609531352138,21.684185663080793,8.065858560127033,15.8375213131062,3.851565497574464,11.738276178096843,4.359275428852016,7.524890665058767,6.426862867054133,4.549098580427184,6.368361294886959,2.5602646056898126,0,0,0,0,0,0,0,0,0,0,0,0,0,0,0,0,0,0,0,0,0,0,0,0,0,0,0,0,0,0,1,2,3,4,5,6,7,8,9,10,11,12,13,14,15,16,17,18,19,20,21,22,23,24,25,26,27,28,29,30,[object Object]
